age,education-num,hours-per-week,sex
44,13,40,1
28,10,60,0
46,10,30,0
70,9,3,1
21,10,16,0
37,12,38,0
23,10,40,1
71,14,40,1
28,7,40,0
23,10,40,0
24,12,30,1
31,10,55,1
61,3,45,0
42,12,40,1
59,9,65,1
51,14,40,0
53,9,40,0
51,9,20,1
47,13,40,0
53,13,50,0
50,15,40,1
35,12,40,1
49,13,45,0
47,9,40,1
52,10,40,1
40,13,40,1
43,13,40,1
66,16,40,0
47,9,40,0
42,13,42,1
23,10,40,0
60,13,40,1
39,13,40,0
42,14,40,1
34,16,60,0
29,9,40,1
63,9,40,1
50,16,23,1
27,13,40,0
27,13,40,0
20,9,40,0
53,9,58,0
44,9,40,1
37,10,52,1
54,9,60,1
40,10,40,1
38,10,40,1
43,9,40,0
44,13,40,0
24,10,40,0
24,13,40,1
35,9,48,0
45,10,40,1
56,14,40,1
38,4,40,1
49,14,40,1
69,9,40,0
19,9,40,0
39,9,40,1
17,9,35,0
25,9,40,1
49,10,60,1
39,15,50,1
32,9,2,0
58,13,35,0
27,11,45,1
23,7,40,1
27,9,40,0
20,7,25,0
28,11,40,0
34,13,55,1
21,7,56,0
31,9,40,1
40,12,40,1
29,14,40,1
27,4,40,0
29,10,40,0
51,6,40,1
33,13,55,1
60,9,40,1
59,7,40,1
32,6,35,0
63,9,40,1
30,16,15,0
63,13,45,1
52,13,50,1
24,13,20,1
23,9,40,1
26,13,38,1
41,9,40,1
30,12,40,0
46,10,17,0
33,16,40,1
31,9,30,0
56,7,45,1
54,9,40,1
34,9,20,1
38,15,45,1
32,9,55,1
43,10,20,0
33,11,40,1
46,9,28,0
29,6,40,1
26,10,48,1
67,6,16,1
27,10,40,0
28,9,40,1
38,13,40,1
42,14,40,1
41,9,40,0
34,13,40,1
33,9,55,1
62,9,48,0
56,2,40,1
62,10,40,1
47,9,75,1
74,13,10,1
33,10,35,0
44,9,40,1
24,5,40,1
29,9,48,1
38,13,40,1
39,10,40,0
44,10,55,1
20,9,30,1
27,10,40,1
28,8,50,1
26,9,45,0
38,9,50,1
28,7,58,0
40,10,20,0
39,14,40,1
52,10,40,0
53,9,48,1
45,9,40,0
53,9,40,1
32,9,40,0
26,5,20,1
19,10,30,0
34,9,35,1
31,13,48,1
20,9,35,1
35,13,45,1
51,9,40,1
30,14,45,0
60,14,50,0
59,3,40,1
19,10,35,0
56,9,40,1
43,10,40,1
36,13,40,1
40,12,40,0
51,10,40,0
19,9,40,1
31,13,20,0
33,10,65,1
21,10,40,0
69,13,45,1
49,7,6,0
45,10,40,1
41,11,44,0
40,13,40,1
44,9,40,1
44,9,55,1
23,9,40,1
60,9,40,1
68,10,40,1
21,6,40,1
35,13,40,1
33,12,40,0
47,10,38,1
62,14,40,1
38,10,20,0
32,13,50,1
35,9,40,1
55,13,40,1
51,10,48,1
23,9,40,1
48,9,35,0
23,10,30,1
38,14,40,0
51,9,20,1
39,11,40,0
44,13,60,1
46,14,50,1
52,10,40,0
34,9,48,1
44,10,45,1
64,7,40,1
36,9,40,0
65,7,40,1
60,5,40,1
22,9,40,1
23,4,25,1
29,10,40,0
22,10,45,1
51,9,40,0
29,9,40,0
28,13,50,0
34,13,15,0
18,9,40,0
18,9,25,1
59,9,35,0
46,9,38,1
31,9,40,0
47,9,45,1
31,6,40,0
25,9,30,0
43,14,40,0
41,15,40,1
58,14,35,1
17,7,15,0
37,10,40,0
44,13,50,1
29,10,35,0
52,9,40,1
34,12,60,0
58,9,55,1
26,10,40,1
44,7,40,1
38,10,40,1
41,9,25,1
78,4,60,1
54,13,40,1
56,9,40,1
20,10,50,1
36,13,35,0
18,6,20,0
50,15,40,1
34,14,40,1
54,10,40,0
47,14,45,1
36,6,40,0
19,10,25,1
36,5,40,1
40,9,40,1
22,10,25,1
42,14,40,0
29,13,40,0
61,9,40,1
73,9,15,1
48,10,40,1
38,15,60,1
20,9,30,0
37,13,60,1
47,16,50,1
57,14,45,1
27,9,40,1
35,7,50,1
31,10,40,0
58,13,40,1
26,11,40,0
48,9,20,0
25,9,60,1
22,9,40,1
45,12,40,1
75,15,35,1
45,10,40,0
30,13,72,1
40,13,50,1
57,10,25,1
48,10,45,1
41,10,50,1
19,6,40,1
32,6,40,1
25,9,50,0
22,9,20,1
36,9,40,1
30,9,40,1
29,13,40,0
43,13,37,1
27,9,40,1
22,10,25,1
31,10,45,1
24,13,40,1
29,10,50,1
76,10,20,0
37,6,40,1
47,14,50,0
50,9,40,0
48,10,30,0
50,11,45,1
23,13,40,1
35,10,40,1
43,10,35,1
42,9,40,1
40,10,50,1
68,4,16,1
34,9,45,1
46,12,40,1
49,6,99,1
38,9,40,1
22,12,55,1
35,9,40,1
40,9,40,1
39,10,30,0
63,13,30,1
18,8,20,0
31,9,52,1
29,11,43,1
28,13,30,1
26,6,40,1
62,10,39,0
40,9,40,1
40,7,40,1
42,4,40,0
27,12,45,0
63,7,30,0
32,9,48,1
28,2,35,0
20,10,40,1
64,9,40,1
25,10,40,1
57,8,40,1
19,9,40,0
33,9,65,0
34,9,50,1
29,9,40,1
43,15,40,1
49,9,40,0
26,10,20,1
52,11,56,1
48,16,60,1
60,13,40,1
50,9,48,1
61,13,60,1
23,9,40,0
43,9,40,1
24,13,40,1
39,12,48,1
41,9,40,0
28,9,40,1
56,9,32,1
22,10,32,1
54,13,40,1
39,13,50,1
24,9,40,1
31,9,50,1
26,13,40,1
49,13,35,0
57,9,1,1
29,16,50,1
41,9,40,1
33,12,56,1
45,14,50,1
18,7,20,0
52,3,15,0
45,9,40,1
25,13,38,0
48,9,40,1
22,5,50,1
58,13,40,1
40,11,42,1
28,9,35,0
44,10,40,0
34,10,40,1
34,9,40,1
36,8,45,1
31,10,40,1
34,9,35,0
41,9,48,1
48,9,65,1
21,9,13,1
33,9,41,0
47,10,45,1
46,12,40,1
32,9,60,1
51,9,40,1
22,10,40,0
28,7,40,0
32,9,40,0
52,15,70,1
55,3,25,1
51,12,50,1
21,9,40,1
57,13,50,1
60,9,40,0
53,16,50,1
27,10,38,0
40,9,60,1
21,10,45,1
46,8,45,1
27,10,40,1
42,10,41,0
30,9,40,0
17,7,12,0
28,9,20,0
36,11,38,1
23,13,30,0
31,9,54,1
19,9,40,1
40,9,40,0
65,9,60,1
25,7,40,1
59,4,48,1
23,13,50,1
26,9,40,1
19,9,13,0
49,13,40,0
38,12,40,1
18,8,18,1
31,9,40,1
27,9,40,1
27,9,40,1
28,13,50,0
32,9,40,1
54,10,40,1
25,9,40,1
28,9,50,1
48,9,28,0
44,9,40,0
27,13,40,1
41,6,40,1
39,13,50,1
26,13,20,1
22,8,30,1
39,14,55,1
21,1,50,1
41,10,40,1
35,9,35,0
42,14,35,0
44,13,20,0
35,10,50,1
29,10,60,1
51,10,50,0
41,9,40,1
71,14,15,0
68,9,40,1
21,7,24,0
48,7,40,0
28,10,30,1
36,11,3,0
56,9,38,1
51,14,40,1
42,13,40,1
54,9,32,1
36,13,40,1
35,13,50,1
31,10,50,1
61,16,25,1
25,6,40,1
28,10,7,1
20,10,20,0
47,14,42,1
61,6,40,1
26,13,40,0
19,10,40,0
32,10,40,1
59,6,40,1
22,10,30,0
28,13,50,1
59,14,40,1
30,9,40,1
32,14,45,0
33,13,25,1
52,15,60,1
23,13,50,1
64,9,40,1
61,9,32,1
45,9,35,0
34,9,40,1
35,9,40,1
36,13,44,1
34,13,50,1
32,10,54,0
19,9,30,1
29,13,40,0
31,14,40,1
44,9,50,1
31,10,40,1
53,9,40,1
59,9,40,1
37,11,40,1
37,5,65,1
19,9,30,0
39,9,40,1
23,14,40,1
58,6,40,1
17,6,24,0
52,9,40,1
17,8,20,1
48,12,40,0
54,11,40,1
26,10,40,0
45,9,40,1
20,10,20,1
39,12,30,0
40,8,40,1
55,13,73,0
31,10,55,1
18,7,10,0
23,13,60,0
56,13,42,1
47,14,40,1
40,6,50,1
34,10,40,1
29,13,24,0
54,10,40,0
35,9,60,0
56,13,40,0
56,13,40,1
39,9,36,0
40,10,40,0
32,10,40,0
20,10,40,1
30,7,40,1
29,10,55,1
79,7,7,1
37,6,40,1
25,13,40,1
19,9,45,1
28,10,60,1
45,3,40,1
60,2,40,1
41,10,40,1
28,9,40,1
43,13,50,1
21,10,6,0
44,13,90,1
52,9,40,1
47,13,45,0
17,7,20,0
40,9,35,1
23,2,40,1
29,13,48,1
45,9,48,1
37,13,35,1
61,9,55,1
30,10,40,0
42,13,40,1
46,13,40,1
21,10,24,0
37,3,40,1
23,7,40,0
44,14,48,0
38,9,40,1
33,10,25,0
24,13,35,0
28,8,40,0
44,9,55,1
19,9,16,1
28,10,50,1
46,13,51,1
28,10,40,1
42,9,55,1
53,13,40,1
18,10,40,0
17,7,16,0
50,10,32,1
18,9,60,1
62,14,40,1
32,13,50,1
79,12,2,0
33,9,35,1
25,10,40,1
61,10,40,1
21,8,48,1
56,9,35,0
32,10,46,1
62,5,24,1
56,10,50,1
18,6,6,0
38,13,70,1
31,9,40,1
42,11,55,1
28,13,60,1
28,9,48,0
21,10,25,0
43,9,48,1
47,11,26,1
35,13,40,0
57,8,40,0
28,15,40,1
39,9,30,1
34,9,32,0
41,9,40,0
21,10,40,0
28,10,40,1
45,13,40,0
22,10,20,1
52,12,40,1
30,15,45,0
55,10,25,1
39,6,12,0
49,9,40,0
50,13,40,0
27,9,40,0
66,9,20,1
19,9,40,1
51,9,40,1
31,9,60,1
34,14,40,0
37,9,72,1
17,6,40,1
62,9,30,0
58,13,62,0
65,10,16,1
23,13,45,0
66,10,40,1
42,9,40,1
52,10,45,1
72,16,30,1
31,10,60,1
28,9,45,1
38,10,40,1
58,10,40,0
44,13,40,1
18,8,20,0
40,11,40,1
33,10,40,1
66,10,40,1
55,7,40,0
31,3,25,1
39,13,60,1
24,9,30,0
62,9,40,1
26,13,40,0
46,10,50,0
40,9,38,0
20,10,30,0
33,9,40,1
35,9,40,1
38,14,40,1
20,10,40,0
31,9,50,1
25,9,40,0
30,9,44,1
43,15,50,1
22,9,40,0
18,8,25,0
41,13,55,1
34,7,50,1
23,13,30,0
51,9,40,1
20,8,40,0
25,7,50,1
26,13,40,0
26,10,35,0
42,10,40,0
23,9,53,1
21,9,40,0
39,9,40,1
29,9,40,0
34,10,20,1
32,10,40,0
56,7,50,1
24,13,40,0
20,9,30,1
34,9,50,1
65,10,40,1
27,15,50,0
59,9,45,1
45,9,45,0
43,13,55,1
33,9,55,1
19,10,15,1
49,7,40,1
35,9,62,1
73,13,75,1
57,9,30,0
61,13,40,0
51,11,40,0
58,14,35,1
28,12,40,1
30,10,48,1
61,8,40,0
41,7,40,0
22,10,40,1
33,10,40,1
27,10,44,1
51,9,40,1
41,13,40,1
67,5,15,1
39,7,40,1
36,9,40,1
31,9,40,1
41,3,40,0
23,14,50,1
25,4,40,0
55,13,50,1
58,12,40,0
34,9,15,0
38,10,45,1
26,10,40,1
41,8,40,0
27,13,40,0
19,9,15,0
27,12,40,1
30,13,55,1
51,4,48,0
55,14,45,0
38,9,40,1
26,15,30,0
23,9,25,1
35,5,50,1
46,13,40,1
39,9,40,1
41,13,40,0
48,10,55,0
19,6,30,0
72,13,30,1
44,12,40,0
49,10,40,1
45,9,28,0
50,9,40,1
45,9,40,1
52,13,38,1
23,12,20,1
40,9,40,0
17,6,10,1
28,10,40,1
30,9,40,0
33,9,60,1
17,6,25,1
18,8,55,1
48,14,50,1
19,10,40,0
73,14,10,1
31,9,40,1
49,9,50,1
21,10,20,1
39,9,40,1
53,15,38,1
39,11,40,0
43,9,35,0
25,13,40,0
21,9,20,1
45,13,40,1
37,9,40,1
47,9,40,0
33,10,70,1
41,15,65,1
41,10,20,0
31,12,20,1
32,9,55,1
28,12,40,1
30,14,45,1
26,13,50,0
44,10,60,1
31,10,35,0
30,10,10,0
34,12,40,1
56,13,40,1
43,12,50,1
46,9,40,1
21,10,45,0
39,13,50,1
36,14,40,1
34,13,70,1
46,10,40,1
36,13,50,1
22,2,24,1
40,13,40,1
51,10,40,0
41,9,50,1
64,15,9,1
60,11,70,1
33,9,40,1
52,13,40,1
41,15,40,1
38,13,40,0
65,9,40,0
56,6,40,1
19,10,25,0
34,9,40,1
29,12,40,0
46,13,50,1
52,13,50,1
27,10,80,0
66,9,20,1
39,9,20,0
59,9,45,1
30,13,50,0
46,7,40,0
21,10,45,1
30,13,44,1
63,9,40,0
30,9,35,0
36,10,40,1
31,9,30,0
24,13,40,0
48,10,30,1
45,14,40,1
39,10,40,1
30,13,30,0
42,7,40,1
28,9,50,0
19,7,10,1
32,9,40,1
32,10,40,0
21,10,30,1
21,10,40,1
41,7,55,1
42,10,44,1
41,13,50,1
28,13,45,1
38,9,40,1
44,13,42,1
62,14,32,0
34,13,60,1
48,10,37,0
43,9,50,0
33,13,60,1
39,10,40,1
49,9,40,1
41,10,50,0
44,9,60,1
28,13,35,0
24,6,40,0
31,10,40,0
49,15,45,1
54,9,40,1
33,13,40,0
30,13,40,0
17,7,12,1
32,12,40,1
45,10,40,0
30,13,40,0
52,9,40,1
27,9,39,1
34,13,55,1
45,14,45,1
33,12,40,0
35,7,40,0
63,4,40,0
40,10,40,1
43,13,40,0
50,13,40,0
17,7,25,1
41,9,40,0
48,9,40,1
18,9,25,1
48,16,55,1
22,9,40,1
43,13,40,1
24,7,40,0
21,9,40,0
57,13,40,1
36,14,50,1
18,10,40,1
40,13,40,0
37,9,40,0
40,9,40,1
46,9,40,0
49,9,55,1
45,10,52,1
29,13,35,0
40,9,22,0
45,13,40,1
39,5,40,1
42,9,15,0
60,9,5,1
43,9,40,1
40,9,40,1
33,9,40,1
49,13,40,0
59,5,12,0
55,10,38,1
25,9,52,1
67,10,41,1
25,9,48,1
51,13,40,1
45,11,40,0
24,12,40,1
25,9,24,1
20,10,56,0
17,6,12,0
34,9,45,1
26,9,40,1
55,9,50,1
17,8,30,0
59,12,40,0
54,10,40,1
31,2,35,1
29,10,40,0
45,3,35,0
36,9,33,1
47,13,60,1
54,10,40,0
37,11,24,0
21,10,40,0
37,14,50,1
49,9,40,0
52,9,50,0
34,9,80,1
40,15,40,1
44,9,45,1
61,13,40,1
38,13,10,1
46,6,40,1
34,10,35,0
27,9,45,1
46,13,40,1
28,7,40,1
29,9,60,1
43,13,40,0
23,9,40,1
29,9,16,1
22,9,40,1
20,9,40,1
18,10,15,0
37,9,40,1
52,3,40,1
20,10,20,1
28,10,40,1
20,10,40,0
33,13,40,0
34,10,60,1
43,13,40,1
17,6,15,1
22,10,20,0
56,11,60,1
90,4,40,1
31,13,55,1
38,15,40,0
52,9,14,1
30,11,24,0
42,9,12,1
40,10,40,0
51,4,50,1
38,9,35,1
45,9,40,0
45,13,50,1
44,13,60,1
29,9,40,1
55,4,75,1
47,14,40,0
55,10,50,1
38,4,30,0
39,13,45,1
28,9,40,0
45,16,45,1
19,9,34,0
47,9,40,0
63,7,40,1
19,10,50,1
37,11,40,0
24,9,40,1
40,13,45,1
38,10,40,0
24,13,40,1
29,9,40,1
39,4,40,1
61,9,40,1
48,9,50,0
37,9,40,1
34,12,10,1
36,14,40,1
31,10,40,1
38,13,40,1
61,13,50,1
53,10,50,1
61,9,40,1
68,4,20,0
28,9,60,1
64,9,20,0
41,13,40,1
31,6,40,1
54,9,40,1
34,13,50,1
32,10,40,1
44,10,40,0
67,4,40,1
39,14,40,1
17,7,16,0
19,9,50,1
35,10,40,0
48,9,52,0
43,13,40,1
59,10,34,0
31,12,40,1
22,9,25,1
33,13,50,1
31,11,60,1
20,10,8,1
40,9,25,1
50,9,40,1
22,9,40,0
25,9,60,1
34,10,17,0
21,9,40,1
40,13,40,1
31,7,40,1
58,11,48,1
50,9,40,1
27,9,20,1
28,9,40,1
49,10,44,1
30,13,42,1
31,10,40,1
37,10,40,0
31,9,40,1
46,14,45,1
24,10,35,0
60,11,37,0
42,13,50,1
41,9,40,1
36,9,40,1
43,14,40,0
30,9,75,1
31,13,37,1
29,10,40,1
41,14,40,1
24,4,40,1
65,4,40,1
21,10,12,1
21,10,10,0
21,10,40,0
24,12,40,1
43,13,35,1
39,13,50,1
38,13,43,0
19,8,30,1
43,9,44,0
32,10,40,0
57,13,55,1
49,10,45,1
44,9,48,1
35,14,40,1
18,14,60,0
41,13,40,0
50,10,40,1
24,9,40,1
26,10,20,1
24,9,35,1
18,10,40,0
20,9,40,1
26,15,60,1
32,13,20,0
59,10,40,1
45,9,50,1
27,13,40,0
29,14,45,0
41,9,40,1
48,7,31,0
32,14,50,1
48,12,50,1
45,9,40,0
53,14,38,1
28,13,65,1
32,13,40,1
57,9,40,0
36,14,30,0
29,9,40,0
27,9,40,1
64,9,35,0
63,14,68,1
33,10,40,0
18,8,10,1
36,10,50,1
39,9,50,0
29,13,55,0
46,13,40,1
38,10,35,0
24,12,40,0
31,9,58,0
21,9,40,0
49,15,60,1
21,10,9,0
37,14,40,0
58,9,38,0
32,11,50,1
51,9,40,0
29,7,40,0
35,13,65,1
42,13,60,1
32,13,50,1
21,10,35,1
18,9,30,1
47,13,55,1
23,9,30,1
42,9,50,1
19,9,24,1
39,9,50,1
49,11,40,1
40,9,35,0
47,10,48,0
40,9,50,1
64,5,38,0
30,7,40,1
27,13,2,1
51,9,32,0
39,5,40,1
59,9,40,0
41,11,40,0
36,14,40,0
25,10,38,1
39,9,38,1
36,9,40,1
53,10,40,0
30,9,45,1
53,9,40,0
62,4,66,0
42,13,50,0
40,16,40,1
32,10,60,1
27,9,40,0
46,13,40,0
30,9,45,1
21,9,35,0
22,13,40,0
44,12,50,0
25,13,70,1
25,10,35,1
21,9,55,0
28,9,40,0
33,9,20,1
50,9,40,1
48,10,40,1
29,7,50,1
27,9,40,1
63,9,40,0
37,2,53,1
55,10,52,1
17,7,12,1
46,13,40,1
39,13,40,1
40,12,40,0
30,13,42,1
51,9,40,1
61,9,20,0
49,9,56,1
35,9,40,0
37,10,40,1
34,9,48,0
27,10,50,1
17,8,25,0
40,9,45,1
46,9,40,1
30,13,40,1
24,10,40,1
59,10,60,1
47,10,40,1
22,10,40,1
23,13,40,0
45,9,40,0
40,13,40,0
51,6,40,0
41,10,40,1
34,10,40,0
47,6,45,0
27,10,30,0
53,10,50,1
26,13,40,1
61,10,40,1
24,3,40,1
30,5,40,1
50,9,40,1
40,9,45,1
33,2,40,1
50,6,8,1
27,13,45,1
73,9,24,1
32,13,40,1
66,4,40,1
51,9,40,0
24,9,40,1
58,9,40,1
57,6,40,1
25,11,60,0
41,10,50,1
55,9,32,1
70,10,34,0
40,13,40,1
21,9,40,1
50,14,45,1
17,7,18,0
57,10,40,1
74,13,12,1
27,7,40,0
27,10,40,0
31,9,40,1
45,14,40,1
57,13,37,1
26,10,50,0
40,12,40,0
35,11,40,0
25,9,40,1
39,9,40,1
29,9,35,1
34,14,40,0
31,9,40,0
54,9,40,1
29,11,50,1
24,13,40,0
50,13,40,1
26,10,38,0
57,7,15,1
36,10,20,1
25,10,40,0
31,12,40,1
17,7,30,0
59,13,43,1
59,4,40,1
63,9,40,1
67,16,40,1
46,11,50,1
30,10,48,1
35,11,65,1
43,12,43,1
33,6,35,0
29,9,40,1
22,11,40,1
26,9,30,1
25,10,40,0
27,9,45,1
33,9,40,0
52,13,55,1
42,13,40,1
58,5,40,0
30,13,18,1
27,15,70,1
26,13,20,1
49,10,32,1
19,10,16,0
32,9,40,1
37,13,40,1
36,10,40,1
23,9,40,1
40,13,50,1
52,9,40,0
29,10,30,0
37,13,39,1
24,9,40,1
57,9,60,1
45,9,60,0
25,10,25,1
22,4,40,1
18,9,25,1
39,12,40,0
38,10,40,1
47,13,40,0
48,10,40,1
38,9,40,1
47,7,15,0
40,10,50,1
24,14,45,0
76,13,40,1
20,9,30,0
90,9,99,1
25,10,40,1
33,12,40,0
26,9,40,0
69,10,50,1
45,9,40,0
32,14,50,1
41,13,50,1
24,13,40,1
26,11,65,1
63,10,18,1
32,5,50,1
55,10,60,1
59,10,40,0
20,9,40,0
49,4,40,0
35,9,40,1
50,10,40,1
48,9,80,1
21,10,40,1
55,14,50,1
33,13,40,0
39,9,40,1
39,16,50,1
21,10,40,1
30,9,30,1
30,11,40,0
27,4,40,1
32,13,40,0
48,14,40,1
25,7,40,1
28,5,42,1
50,14,45,1
34,13,40,0
23,13,20,1
25,9,40,1
32,9,40,1
53,9,50,1
36,13,55,0
27,10,40,1
28,9,28,0
46,9,40,1
23,9,60,1
31,4,40,1
39,9,40,1
42,6,40,1
34,10,40,1
40,14,20,1
38,13,15,0
58,13,40,1
24,10,40,1
53,14,65,1
31,9,70,1
65,9,40,0
33,13,50,1
19,10,25,0
35,9,40,0
41,13,60,0
32,9,40,1
31,9,20,0
38,9,54,1
18,7,25,1
28,9,40,1
38,13,40,1
25,13,40,1
23,9,42,0
27,9,40,1
39,10,40,1
44,14,50,1
68,10,15,1
24,8,55,1
25,9,40,1
56,10,60,1
56,10,40,1
32,7,40,0
21,10,40,1
45,11,55,0
24,9,30,0
28,9,40,1
58,9,24,1
28,9,40,1
42,13,45,1
29,13,45,0
55,14,40,0
21,10,40,0
27,9,45,1
56,9,38,0
25,10,22,0
38,10,40,1
31,11,40,0
77,14,6,1
49,13,40,0
25,11,90,1
52,4,50,0
35,13,55,1
37,9,40,1
46,11,30,1
60,4,40,1
24,12,40,1
20,12,40,0
29,10,40,1
45,13,48,1
22,9,35,0
25,10,50,0
31,13,40,0
23,10,20,1
30,13,10,1
46,9,40,1
41,11,60,1
27,10,40,0
38,9,55,1
64,14,50,1
39,4,40,1
55,13,40,1
68,6,20,1
24,9,40,1
29,7,40,1
24,13,20,0
40,5,40,0
38,13,50,1
67,9,8,0
46,9,55,1
54,13,50,1
23,13,40,1
35,9,40,1
28,13,40,1
27,10,40,1
18,10,35,0
46,13,40,0
49,13,56,0
20,14,25,1
21,9,45,0
47,9,42,1
61,9,50,0
30,6,40,0
62,9,40,1
40,9,40,1
52,9,40,1
17,6,12,0
60,14,10,0
18,10,20,1
32,9,50,1
19,9,30,0
31,13,40,1
43,13,50,1
67,9,35,1
46,9,40,1
37,16,60,0
23,13,40,1
41,10,40,0
45,14,50,1
21,9,35,1
45,14,40,0
42,10,50,1
28,10,40,1
27,13,37,0
53,14,55,1
46,13,40,1
52,9,50,1
32,4,40,1
57,9,50,0
27,13,35,0
18,7,16,0
28,9,40,1
49,11,45,1
23,13,40,0
48,10,40,1
40,9,40,1
47,15,55,1
30,10,40,1
44,10,40,0
39,10,45,0
36,13,60,0
37,10,40,1
90,2,40,0
65,6,28,0
38,13,40,1
46,9,40,1
40,10,60,1
36,10,55,1
35,7,40,1
31,14,50,0
22,9,20,1
47,13,40,1
22,10,35,0
56,14,60,0
31,9,40,0
34,10,50,1
21,9,40,1
37,9,35,0
20,9,40,1
35,6,50,1
29,9,40,1
37,10,60,1
39,13,30,1
30,9,32,0
55,13,40,1
37,9,40,0
35,12,40,1
27,9,40,1
37,10,40,1
38,9,50,1
27,13,45,1
34,11,40,0
66,9,20,0
33,11,50,0
38,11,40,1
23,13,40,1
22,9,46,0
28,9,45,0
24,9,45,1
47,14,65,1
66,9,16,1
43,13,65,1
22,10,35,1
44,14,40,1
39,10,40,1
55,11,40,1
35,7,36,1
43,14,50,1
22,13,40,0
56,9,40,1
34,7,25,1
41,11,40,1
28,12,35,0
51,11,40,1
53,5,36,0
33,9,40,1
40,12,40,0
37,9,40,1
23,13,38,0
24,11,40,1
49,10,40,1
41,13,50,1
31,9,40,1
18,8,12,1
20,10,30,0
50,15,40,1
62,13,55,1
43,15,55,1
55,6,40,1
50,9,15,0
34,10,40,1
49,10,40,0
17,9,40,1
29,10,40,1
45,9,38,0
24,9,40,0
29,11,35,0
29,9,40,0
36,10,40,0
51,9,40,0
30,10,40,1
25,9,40,1
35,10,20,0
35,9,35,0
30,13,40,1
39,9,40,1
42,6,45,1
65,13,40,1
21,10,20,0
44,10,45,1
50,10,40,1
39,15,50,1
24,12,40,1
25,9,40,1
22,10,40,1
30,11,40,0
20,6,36,0
39,11,40,1
24,9,40,0
31,9,44,1
55,13,40,1
18,7,20,0
23,7,40,1
36,14,60,0
32,12,40,1
46,10,40,1
54,9,20,1
28,9,40,0
17,5,45,1
38,12,40,0
25,9,50,1
19,9,40,0
17,9,40,1
42,9,40,1
42,10,40,0
66,1,40,0
28,9,40,0
31,6,40,1
55,13,40,1
40,10,50,1
30,13,50,1
34,13,15,1
32,9,45,0
19,9,40,0
47,9,43,0
54,2,40,1
33,9,46,1
39,13,50,0
51,10,40,1
41,12,50,0
35,13,30,0
26,13,40,0
34,10,40,1
36,7,60,1
42,10,40,1
32,9,40,1
34,14,40,1
45,11,40,1
40,4,40,0
38,7,45,1
50,10,22,1
45,9,40,1
52,9,50,0
54,10,40,1
38,13,40,0
45,10,56,1
23,9,50,1
34,7,40,1
28,10,70,1
19,9,45,0
50,13,40,0
34,10,62,1
44,9,33,0
30,9,40,0
44,6,40,0
42,12,40,0
51,11,40,1
39,9,25,0
32,9,40,1
40,14,38,0
30,9,40,0
56,9,40,1
43,10,20,0
45,12,66,1
52,2,40,1
60,9,40,1
21,9,35,1
52,9,40,0
27,10,40,0
19,7,15,0
70,9,40,1
30,9,99,1
48,9,40,1
43,15,40,1
38,9,20,0
39,10,45,1
42,10,45,0
36,10,40,0
18,9,30,0
54,10,55,1
19,10,40,0
44,10,55,1
37,11,40,0
42,7,40,1
42,13,38,0
45,12,48,0
22,10,40,0
79,9,40,1
40,9,40,1
32,13,60,1
49,14,40,1
45,14,50,0
42,10,40,0
28,9,17,0
59,9,40,1
31,13,40,1
51,9,40,0
51,13,8,1
38,9,40,0
18,7,15,0
18,10,40,0
62,10,60,1
54,10,45,1
48,14,35,1
22,9,35,0
44,10,48,0
33,9,40,1
54,6,40,1
37,10,62,1
39,14,40,1
53,9,40,1
33,9,60,1
38,11,40,0
32,13,40,1
24,9,38,0
43,10,38,0
21,10,20,0
22,13,40,1
32,15,45,1
27,9,40,1
44,13,60,1
58,9,45,1
77,10,40,1
62,13,40,1
34,9,40,1
29,9,40,1
33,11,45,1
54,9,40,1
32,5,40,1
30,10,40,1
21,10,40,1
18,10,25,0
43,14,60,1
59,9,40,0
24,13,40,0
38,9,40,1
25,10,40,0
24,9,30,1
55,13,40,1
46,9,65,1
24,13,50,1
44,9,60,1
22,10,37,1
36,13,40,1
47,9,40,0
34,14,40,0
19,10,20,0
44,13,40,1
47,14,60,1
42,9,40,0
39,13,60,1
25,7,40,1
20,10,40,0
35,9,40,1
27,9,40,0
52,9,8,1
31,14,43,1
27,10,45,0
64,3,45,0
19,9,40,1
22,9,55,0
37,9,40,1
19,9,35,0
34,9,45,1
44,2,40,1
25,10,34,0
24,10,40,0
56,10,20,0
34,14,60,1
23,13,30,1
45,13,50,1
49,9,30,1
45,9,40,0
51,10,60,1
50,10,35,0
46,14,41,1
44,13,40,1
27,12,40,1
28,13,30,0
40,13,40,1
46,9,40,1
54,14,55,1
33,14,40,1
35,9,20,0
37,13,90,1
28,12,40,1
34,9,45,1
34,9,80,1
45,12,40,1
17,6,24,1
47,15,40,1
44,9,45,1
60,13,48,0
43,10,50,1
48,11,50,1
39,9,40,1
53,3,24,0
31,11,50,1
23,9,30,0
39,13,40,1
39,14,40,0
43,10,6,0
53,9,45,1
29,10,25,0
39,7,30,0
61,9,16,1
21,4,48,1
47,12,40,1
30,13,40,0
55,13,48,0
47,9,45,0
24,10,40,1
47,13,50,1
21,7,35,0
58,13,40,0
54,10,45,0
51,9,30,1
23,13,43,0
59,15,40,1
18,7,30,1
54,2,40,1
26,9,40,1
39,13,40,1
63,10,48,1
58,10,40,1
30,9,40,0
45,8,50,1
46,10,40,1
49,11,38,0
73,9,20,0
29,9,40,0
26,9,40,1
37,7,44,1
56,14,25,1
46,11,40,1
49,9,40,1
68,9,40,1
29,13,50,1
35,9,30,1
48,9,45,1
33,9,40,1
64,9,23,0
38,12,40,1
19,10,15,0
31,10,50,1
38,10,60,1
26,9,50,1
42,10,40,1
34,10,40,1
27,10,55,1
37,14,70,1
50,9,48,0
47,9,20,0
38,10,55,1
38,9,40,1
31,11,40,1
22,10,40,0
49,15,85,1
24,10,45,0
62,14,45,1
40,14,55,0
30,13,40,1
44,13,45,1
55,2,30,0
30,10,20,1
68,2,20,0
27,10,40,1
34,13,40,0
49,9,40,1
45,13,40,1
43,9,60,1
43,14,50,1
53,9,35,0
18,10,40,0
59,9,40,1
39,13,60,1
31,15,50,1
24,13,25,1
24,13,50,1
53,10,50,1
35,9,40,0
49,10,35,1
44,9,48,0
32,10,48,1
24,11,40,0
36,10,52,1
40,13,50,1
43,13,60,1
41,13,50,1
21,9,40,1
46,9,25,0
28,10,40,1
47,6,45,1
18,5,40,1
32,6,40,1
42,4,40,1
33,9,40,1
24,13,65,0
30,13,40,1
23,10,28,0
54,9,40,1
50,9,40,1
67,9,40,1
38,13,50,1
18,7,20,0
28,11,60,1
47,9,50,1
70,13,20,0
39,9,40,0
27,8,40,1
34,9,70,1
46,10,50,1
17,7,20,1
24,5,40,1
32,13,45,0
51,9,40,1
35,9,40,0
45,9,40,0
52,9,40,1
46,11,40,1
36,5,50,1
45,9,40,0
68,9,45,1
47,9,40,1
20,10,25,0
60,14,25,0
37,8,35,1
27,9,40,0
52,14,40,0
42,13,45,1
35,13,50,1
45,10,40,0
25,10,30,0
55,12,40,1
21,8,20,0
48,13,40,1
46,9,40,1
45,7,40,1
33,13,40,1
31,9,40,1
20,10,35,0
30,9,40,1
60,9,40,1
60,14,60,1
76,3,40,0
49,10,45,1
56,13,50,1
28,13,60,0
52,9,40,1
47,10,25,0
28,9,40,0
53,10,40,0
46,9,40,1
29,9,40,0
26,12,36,0
60,9,40,1
