age,balance,duration,balance,marital
59,0,226,0,1
35,747,141,747,0
39,147,151,147,1
41,221,57,221,1
43,264,113,264,1
31,360,89,360,1
40,194,189,194,1
31,132,148,132,1
38,0,96,0,2
42,16,140,16,2
44,106,109,106,0
44,93,125,93,1
26,543,169,543,1
67,696,119,696,1
56,784,149,784,1
53,105,74,105,1
31,171,81,171,1
59,42,40,42,1
78,229,97,229,2
23,363,16,363,0
36,553,106,553,0
32,396,205,396,1
55,145,59,145,1
26,0,425,0,1
38,50,98,50,0
57,82,140,82,1
36,101,314,101,0
51,203,134,203,2
31,338,155,338,1
29,444,130,444,1
41,0,630,0,1
32,360,164,360,0
37,0,268,0,1
42,2,380,2,2
41,412,154,412,1
56,344,221,344,1
41,174,367,174,2
40,591,87,591,0
40,219,204,219,1
60,5,63,5,1
28,177,150,177,0
38,424,279,424,1
39,111,201,111,1
30,261,233,261,0
36,0,337,0,1
34,524,9,524,0
37,427,371,427,1
27,0,435,0,1
32,217,317,217,1
33,22,76,22,0
25,331,170,331,0
39,52,69,52,1
46,25,564,25,2
45,419,113,419,1
24,119,51,119,0
45,586,32,586,0
32,228,176,228,0
41,168,187,168,1
37,0,24,0,1
48,0,85,0,1
33,0,236,0,0
29,428,54,428,0
34,0,71,0,0
32,0,455,0,0
42,323,280,323,1
46,179,194,179,1
37,391,103,391,0
41,89,333,89,1
36,442,102,442,0
35,308,77,308,2
55,273,84,273,1
27,50,168,50,0
34,20,10,20,1
48,310,135,310,1
37,37,253,37,0
37,176,147,176,1
37,0,65,0,1
28,172,194,172,0
32,0,333,0,0
40,6,140,6,2
34,-62,109,-62,1
37,21,96,21,0
36,23,152,23,1
49,0,97,0,1
57,39,354,39,2
38,1,152,1,1
45,0,139,0,0
38,432,10,432,1
49,400,151,400,1
53,-22,20,-22,1
49,365,59,365,1
41,204,111,204,1
32,406,227,406,0
33,359,210,359,1
36,123,9,123,1
35,0,112,0,1
52,142,112,142,1
44,33,195,33,0
48,20,145,20,2
57,206,216,206,1
34,1,483,1,0
36,0,60,0,1
32,0,123,0,0
42,484,144,484,1
43,0,9,0,1
31,395,155,395,1
55,410,221,410,2
46,222,71,222,1
34,415,361,415,1
28,16,119,16,0
54,209,97,209,1
32,0,181,0,0
53,624,180,624,1
40,0,297,0,1
35,0,262,0,0
34,4,644,4,1
38,0,247,0,0
51,37,341,37,2
59,593,64,593,1
42,63,88,63,2
40,260,197,260,1
41,49,312,49,1
34,69,120,69,1
47,480,211,480,1
53,0,135,0,2
56,353,171,353,1
38,605,147,605,1
43,2,472,2,1
25,760,223,760,0
46,182,56,182,1
37,-67,157,-67,1
60,179,79,179,0
47,214,168,214,1
37,121,22,121,1
34,244,56,244,1
30,424,298,424,0
47,447,126,447,2
56,478,97,478,1
60,0,151,0,0
36,219,270,219,0
44,0,159,0,1
35,32,180,32,1
39,278,60,278,1
50,4,223,4,1
30,209,30,209,0
46,271,134,271,1
36,339,6,339,0
42,0,209,0,1
38,0,196,0,0
58,497,138,497,1
60,55,207,55,1
30,0,131,0,0
40,733,94,733,1
27,468,109,468,0
39,0,53,0,1
41,8,155,8,1
45,61,108,61,1
48,302,208,302,1
28,0,380,0,0
35,0,106,0,1
33,43,332,43,1
41,288,221,288,1
34,613,80,613,1
38,168,212,168,1
27,148,203,148,0
41,744,125,744,1
39,130,202,130,1
44,438,37,438,1
54,0,161,0,1
49,322,72,322,1
34,186,342,186,0
42,0,325,0,1
39,167,330,167,1
36,342,142,342,0
29,20,418,20,1
43,130,156,130,1
56,217,121,217,1
55,0,108,0,2
31,259,47,259,1
27,619,16,619,0
44,22,265,22,1
30,239,115,239,0
47,2,89,2,1
39,2,180,2,1
32,34,321,34,1
44,795,99,795,1
42,117,147,117,1
25,402,264,402,0
40,641,156,641,0
43,36,118,36,2
55,383,343,383,1
50,283,226,283,1
45,0,5,0,2
38,15,121,15,1
57,452,139,452,1
48,149,71,149,1
56,237,236,237,0
40,694,97,694,1
40,0,109,0,1
54,55,112,55,1
55,136,15,136,1
46,22,388,22,1
58,2,282,2,1
31,13,110,13,1
19,103,104,103,0
52,217,193,217,0
42,360,110,360,2
41,428,92,428,0
38,121,168,121,1
52,195,220,195,1
48,108,89,108,2
45,757,103,757,2
34,691,70,691,1
54,0,220,0,1
47,233,293,233,1
49,66,218,66,2
32,182,145,182,0
58,76,54,76,1
34,663,111,663,0
29,15,136,15,1
26,63,76,63,0
40,0,44,0,1
27,0,198,0,1
48,157,73,157,1
35,0,90,0,1
47,2,236,2,1
54,0,118,0,1
28,378,346,378,0
54,211,200,211,1
40,56,194,56,1
26,211,168,211,0
28,459,83,459,0
81,1,65,1,1
35,67,192,67,2
44,0,161,0,1
49,171,19,171,1
28,227,278,227,0
31,236,211,236,1
52,192,61,192,1
43,38,197,38,2
32,518,34,518,0
36,16,95,16,1
45,334,87,334,1
41,108,83,108,1
31,660,115,660,1
37,0,108,0,0
47,201,58,201,1
37,189,148,189,1
60,-49,188,-49,2
52,54,103,54,1
42,0,71,0,1
31,88,189,88,1
36,119,127,119,2
46,342,84,342,1
50,72,141,72,0
32,14,171,14,1
26,81,262,81,0
31,-45,184,-45,1
31,36,105,36,0
36,146,284,146,1
57,374,236,374,1
45,88,150,88,1
52,289,45,289,1
83,0,140,0,1
33,280,155,280,2
31,33,165,33,1
35,275,144,275,2
56,0,471,0,1
56,272,103,272,1
29,178,231,178,1
60,252,123,252,1
27,81,197,81,0
50,59,67,59,2
58,225,122,225,1
59,0,104,0,1
64,43,117,43,1
47,57,253,57,1
36,666,190,666,2
38,25,232,25,0
46,324,293,324,0
32,0,66,0,1
55,621,114,621,1
55,138,205,138,2
44,310,200,310,1
32,73,158,73,1
37,64,239,64,1
58,2,168,2,0
52,60,196,60,1
49,133,319,133,0
28,174,184,174,0
31,251,156,251,1
28,168,347,168,0
35,-12,212,-12,1
30,60,306,60,0
33,599,29,599,0
53,28,117,28,1
51,35,123,35,1
34,0,144,0,1
35,0,74,0,1
29,3,183,3,1
48,705,108,705,1
33,123,264,123,0
41,429,244,429,1
46,67,9,67,1
35,39,149,39,2
28,102,321,102,0
45,115,209,115,1
40,498,55,498,1
32,55,124,55,1
26,455,240,455,0
37,509,133,509,0
47,153,192,153,0
28,26,227,26,0
30,566,110,566,0
52,204,134,204,2
36,480,213,480,1
46,0,154,0,1
53,66,141,66,1
41,-41,154,-41,0
60,322,63,322,1
43,49,100,49,2
57,1,17,1,2
31,352,97,352,1
53,65,41,65,1
32,739,91,739,0
35,450,63,450,0
28,0,335,0,1
37,414,293,414,2
55,343,276,343,1
26,-32,14,-32,0
33,2,132,2,1
24,111,42,111,0
37,168,227,168,2
28,3,40,3,0
33,0,270,0,1
55,159,15,159,1
42,352,79,352,1
59,179,55,179,1
27,5,205,5,0
51,0,60,0,2
37,511,42,511,2
26,279,239,279,0
30,162,186,162,0
58,111,58,111,1
30,445,218,445,0
32,271,80,271,0
45,88,332,88,2
51,16,158,16,0
31,466,164,466,1
32,456,121,456,1
41,77,56,77,1
27,58,113,58,1
50,421,22,421,1
31,112,159,112,0
39,794,182,794,1
48,454,114,454,1
47,168,66,168,1
35,714,135,714,0
42,0,99,0,0
55,16,64,16,1
31,454,73,454,0
42,439,143,439,1
40,65,15,65,0
54,0,159,0,1
46,5,71,5,1
36,-148,144,-148,1
48,113,38,113,2
42,-105,60,-105,1
34,144,104,144,0
51,4,74,4,2
58,309,156,309,1
49,489,84,489,1
35,141,299,141,1
56,150,102,150,1
33,595,22,595,1
31,203,177,203,0
28,183,62,183,0
50,94,184,94,2
45,58,119,58,1
48,606,77,606,1
41,0,107,0,1
41,338,87,338,1
49,61,185,61,0
37,0,77,0,1
31,25,381,25,0
35,793,106,793,1
30,3,45,3,0
34,35,76,35,1
28,198,128,198,0
31,99,193,99,1
40,60,172,60,1
41,-29,41,-29,1
33,9,91,9,2
36,13,284,13,1
25,18,225,18,1
38,221,79,221,0
34,136,156,136,1
32,-63,198,-63,1
51,340,186,340,2
42,-119,167,-119,1
34,172,177,172,2
34,0,262,0,1
36,222,317,222,1
48,428,127,428,0
33,106,175,106,2
44,0,56,0,2
34,84,231,84,0
55,2,95,2,2
35,-51,134,-51,0
52,196,116,196,1
53,255,126,255,2
47,0,174,0,1
44,262,74,262,1
44,134,86,134,1
37,79,191,79,2
32,604,95,604,0
42,525,127,525,0
31,314,279,314,1
59,0,76,0,1
58,37,84,37,1
20,291,172,291,0
31,438,130,438,0
34,355,261,355,1
24,204,229,204,1
40,5,219,5,1
36,605,204,605,1
53,4,19,4,1
42,198,314,198,1
34,8,169,8,1
36,470,101,470,1
43,520,15,520,1
36,439,260,439,1
32,0,138,0,1
41,231,76,231,0
31,0,144,0,1
32,266,168,266,1
38,-70,140,-70,1
46,538,118,538,0
41,176,42,176,1
30,81,121,81,0
44,178,126,178,1
58,299,120,299,1
35,285,136,285,1
25,72,305,72,1
36,0,332,0,1
30,11,157,11,1
23,736,119,736,0
38,740,259,740,1
39,14,19,14,0
38,0,57,0,1
36,419,251,419,1
28,594,54,594,2
32,0,268,0,0
50,202,148,202,2
48,112,139,112,1
57,50,89,50,1
26,74,106,74,2
39,416,56,416,0
52,14,55,14,1
50,0,72,0,1
47,599,99,599,1
36,300,287,300,1
46,217,141,217,1
37,0,69,0,0
35,137,5,137,1
43,146,50,146,0
59,1,159,1,1
50,-10,369,-10,2
28,318,4,318,1
48,725,105,725,1
35,188,286,188,1
37,189,238,189,1
32,787,92,787,0
43,167,211,167,2
36,243,160,243,0
26,127,85,127,0
34,176,78,176,1
57,0,648,0,1
35,56,24,56,2
57,501,59,501,1
59,0,97,0,1
39,246,86,246,1
27,446,205,446,0
44,205,289,205,1
50,0,86,0,1
41,369,9,369,2
55,23,123,23,1
31,62,175,62,0
38,157,299,157,2
55,186,241,186,1
36,0,637,0,0
42,230,175,230,1
35,317,162,317,1
27,1,116,1,2
38,126,164,126,1
32,-33,234,-33,1
37,430,154,430,1
33,-6,566,-6,1
71,383,327,383,1
27,130,265,130,1
34,201,257,201,0
54,0,618,0,2
30,6,241,6,1
59,185,177,185,1
53,320,175,320,2
41,654,139,654,2
36,177,63,177,1
60,174,241,174,2
36,490,207,490,0
40,0,543,0,1
23,598,166,598,0
44,271,94,271,1
47,320,203,320,1
27,15,177,15,0
27,201,172,201,0
51,160,136,160,1
32,5,82,5,2
30,75,123,75,0
37,490,73,490,2
37,131,137,131,1
35,8,55,8,1
32,116,255,116,0
35,189,95,189,1
31,2,112,2,1
27,54,97,54,1
22,549,154,549,0
35,298,135,298,1
45,0,38,0,0
47,109,268,109,1
52,-11,94,-11,1
33,90,263,90,1
32,0,175,0,2
33,0,163,0,1
55,218,200,218,2
48,741,227,741,1
33,-56,119,-56,0
30,1,80,1,1
43,-98,112,-98,1
36,-129,121,-129,1
30,0,127,0,1
30,122,107,122,1
35,0,124,0,2
33,411,216,411,2
30,236,197,236,0
40,0,271,0,1
54,386,155,386,1
48,607,29,607,1
55,61,113,61,2
47,209,135,209,1
24,172,67,172,0
58,2,684,2,1
49,-55,150,-55,1
30,329,122,329,0
44,-14,179,-14,1
48,0,176,0,1
37,0,115,0,1
32,151,118,151,0
27,49,208,49,0
48,60,376,60,1
40,17,78,17,1
46,91,29,91,1
41,171,209,171,1
33,142,41,142,2
26,205,111,205,0
42,97,108,97,1
45,204,224,204,1
40,226,176,226,0
31,413,65,413,1
28,171,93,171,0
29,751,121,751,1
43,99,24,99,2
58,781,74,781,1
41,0,101,0,1
35,0,340,0,1
27,73,242,73,0
40,169,43,169,1
65,300,245,300,2
28,126,229,126,0
56,379,58,379,1
45,706,78,706,1
36,0,618,0,1
46,368,293,368,1
41,121,16,121,1
59,204,286,204,1
24,299,209,299,1
25,553,113,553,0
51,518,76,518,2
50,85,141,85,1
21,361,329,361,0
32,687,61,687,1
34,341,136,341,0
33,316,126,316,0
35,2,653,2,1
44,415,7,415,1
50,0,243,0,1
37,37,24,37,1
49,39,27,39,2
31,0,143,0,1
38,578,112,578,0
40,0,64,0,1
29,452,59,452,0
28,-97,79,-97,1
51,467,83,467,2
32,0,101,0,0
36,495,157,495,1
38,157,57,157,1
49,358,176,358,1
42,292,222,292,1
35,365,41,365,1
34,-28,574,-28,1
39,102,272,102,0
57,13,323,13,2
32,101,191,101,1
30,518,127,518,1
39,14,114,14,1
38,0,71,0,0
40,93,134,93,1
39,124,81,124,1
33,69,77,69,1
53,0,80,0,2
38,0,537,0,1
38,744,283,744,0
48,116,70,116,1
44,432,132,432,2
29,9,262,9,0
31,428,272,428,1
31,620,95,620,1
40,192,71,192,0
39,0,502,0,1
44,276,219,276,1
29,113,328,113,0
40,782,224,782,1
33,82,63,82,1
26,443,84,443,0
41,351,175,351,1
39,-41,40,-41,0
31,79,235,79,1
55,197,256,197,1
50,-94,75,-94,1
30,124,161,124,1
36,475,141,475,0
40,-7,697,-7,1
37,375,223,375,0
34,0,63,0,0
30,-99,144,-99,1
32,167,79,167,1
46,19,171,19,1
29,242,73,242,1
53,13,69,13,1
32,286,60,286,1
35,93,198,93,1
39,238,134,238,1
57,63,242,63,2
31,16,387,16,0
29,417,90,417,0
33,133,218,133,1
50,203,265,203,2
34,322,10,322,1
49,273,58,273,1
22,47,69,47,0
56,0,154,0,1
53,0,36,0,1
41,28,49,28,1
33,245,253,245,1
34,412,164,412,1
55,229,175,229,1
31,144,43,144,0
54,386,74,386,1
28,101,126,101,2
45,728,107,728,2
42,0,275,0,0
43,181,41,181,0
34,176,61,176,1
36,49,232,49,1
50,372,21,372,1
34,464,173,464,0
47,104,77,104,1
38,0,179,0,1
29,406,119,406,0
26,484,48,484,1
42,100,64,100,0
37,815,77,815,0
26,245,16,245,1
60,385,80,385,2
32,29,156,29,0
25,0,160,0,1
47,162,203,162,2
49,151,97,151,0
53,-2,144,-2,1
35,11,326,11,1
34,417,138,417,1
60,71,121,71,1
33,249,61,249,1
55,203,9,203,1
55,0,119,0,1
42,130,285,130,1
32,1,399,1,2
39,8,88,8,1
41,55,185,55,1
59,699,98,699,1
42,759,97,759,2
33,687,72,687,1
27,376,273,376,0
39,12,130,12,1
27,23,590,23,0
33,353,107,353,1
29,330,88,330,2
33,0,305,0,2
41,353,90,353,1
30,0,127,0,1
36,356,244,356,2
32,71,221,71,1
38,669,129,669,1
47,556,147,556,1
34,84,299,84,0
45,-11,247,-11,0
37,132,336,132,1
31,0,231,0,0
35,624,163,624,1
40,168,249,168,1
33,263,119,263,1
38,279,110,279,1
32,0,594,0,0
65,300,105,300,1
34,415,123,415,0
34,0,172,0,0
47,302,89,302,1
44,809,118,809,2
46,751,104,751,0
51,-28,220,-28,2
42,0,85,0,2
36,260,49,260,0
34,7,171,7,1
49,323,41,323,1
29,486,95,486,0
51,343,78,343,2
40,507,134,507,2
25,304,226,304,0
30,123,66,123,1
38,76,196,76,1
46,70,229,70,1
57,0,58,0,1
35,62,67,62,0
30,4,84,4,0
38,410,63,410,2
59,-47,84,-47,1
34,197,78,197,1
36,6,41,6,1
51,630,138,630,1
58,235,88,235,1
35,407,12,407,1
40,100,221,100,0
59,345,38,345,1
35,0,151,0,1
41,51,140,51,1
55,150,124,150,1
51,34,200,34,1
27,795,101,795,0
57,282,261,282,1
49,197,223,197,1
56,83,26,83,1
32,-55,107,-55,1
42,243,46,243,0
35,0,524,0,1
35,251,128,251,1
35,44,310,44,0
32,2,144,2,0
50,-84,101,-84,1
38,-1,72,-1,0
37,347,282,347,1
28,781,125,781,0
38,0,206,0,1
32,300,166,300,1
39,0,46,0,1
40,113,126,113,1
41,641,161,641,1
31,0,40,0,1
54,8,143,8,1
39,399,133,399,2
34,15,184,15,1
31,125,78,125,0
38,45,125,45,1
41,13,189,13,1
44,0,300,0,1
30,432,340,432,0
28,373,10,373,1
44,-101,99,-101,0
34,180,298,180,1
58,175,92,175,1
52,381,288,381,1
48,340,255,340,1
33,10,167,10,2
37,781,75,781,0
60,0,40,0,1
34,456,137,456,1
32,253,257,253,1
36,774,231,774,0
32,-59,192,-59,0
37,0,226,0,1
57,0,67,0,1
46,-3,205,-3,1
39,3,488,3,2
32,103,312,103,1
44,316,163,316,2
39,247,244,247,1
27,261,113,261,0
33,291,72,291,0
52,0,163,0,1
33,324,217,324,1
50,669,88,669,1
48,541,72,541,2
34,622,145,622,1
32,0,80,0,1
48,99,344,99,1
28,290,128,290,0
47,65,118,65,1
30,180,203,180,0
32,135,232,135,0
36,60,209,60,1
46,499,37,499,1
32,656,148,656,0
27,100,57,100,1
53,619,198,619,1
29,192,327,192,0
35,0,669,0,0
49,87,165,87,1
19,0,123,0,0
30,34,289,34,0
34,318,239,318,0
28,0,294,0,0
49,15,550,15,2
44,-27,100,-27,0
33,75,204,75,1
26,115,46,115,1
43,434,117,434,1
33,0,44,0,1
31,391,336,391,0
32,255,86,255,1
32,350,110,350,1
49,474,152,474,1
45,315,103,315,1
57,0,257,0,1
40,212,176,212,2
48,333,24,333,1
78,226,136,226,1
49,-37,191,-37,1
30,799,91,799,0
40,98,193,98,1
33,50,246,50,1
40,0,58,0,0
44,10,196,10,1
52,0,197,0,1
35,175,257,175,1
59,139,153,139,1
27,113,39,113,0
61,625,158,625,1
34,105,146,105,0
29,145,105,145,0
34,618,119,618,0
43,0,674,0,1
40,419,347,419,1
38,-23,48,-23,0
24,77,236,77,0
28,60,161,60,1
45,137,187,137,1
51,-13,361,-13,1
31,0,59,0,1
38,46,70,46,1
40,0,228,0,0
51,42,51,42,1
33,285,267,285,1
41,0,95,0,1
48,8,46,8,1
42,216,144,216,2
38,490,17,490,0
45,245,126,245,1
59,0,52,0,2
47,150,52,150,1
33,4,285,4,1
42,473,216,473,1
51,0,84,0,2
73,154,103,154,1
43,625,175,625,1
44,529,129,529,1
56,318,246,318,1
52,230,198,230,1
53,263,143,263,1
24,-46,23,-46,0
57,0,104,0,1
51,18,363,18,1
50,201,248,201,2
39,694,44,694,1
38,0,39,0,0
41,22,238,22,2
38,35,156,35,0
53,230,112,230,1
69,473,112,473,1
30,201,325,201,0
34,44,118,44,2
48,286,166,286,1
46,216,173,216,2
42,214,21,214,1
41,343,89,343,1
33,-77,151,-77,1
26,592,145,592,0
48,0,105,0,1
54,-22,85,-22,1
51,0,439,0,1
47,72,278,72,1
53,100,205,100,1
35,319,221,319,1
52,50,84,50,2
57,32,476,32,1
35,633,128,633,0
35,649,177,649,2
46,452,113,452,2
31,0,38,0,0
46,22,414,22,1
42,145,252,145,1
31,591,161,591,1
62,0,227,0,2
24,508,12,508,0
41,348,225,348,2
43,291,150,291,1
54,781,103,781,1
32,267,128,267,2
52,214,161,214,1
58,425,100,425,1
57,3,142,3,1
34,0,214,0,1
59,0,167,0,1
42,0,236,0,1
33,0,83,0,1
29,0,58,0,0
43,255,180,255,1
36,63,56,63,1
29,57,342,57,1
43,422,110,422,1
33,386,253,386,1
51,260,137,260,1
40,-1,173,-1,0
38,497,88,497,1
26,18,138,18,1
35,819,102,819,1
56,442,77,442,2
28,-46,199,-46,0
30,371,124,371,1
51,-3,91,-3,1
33,11,104,11,1
32,33,125,33,0
46,174,90,174,1
51,-11,126,-11,1
48,363,67,363,1
26,236,8,236,0
39,0,62,0,0
47,-50,175,-50,1
23,4,395,4,0
38,46,195,46,1
35,148,199,148,2
52,431,73,431,1
49,47,234,47,1
32,138,94,138,1
59,0,247,0,1
58,0,5,0,1
34,573,122,573,1
42,47,141,47,2
39,83,193,83,1
42,372,121,372,2
30,48,140,48,0
34,1,108,1,1
46,46,80,46,0
32,-18,155,-18,2
26,479,133,479,1
42,0,328,0,1
41,389,87,389,1
34,10,162,10,0
32,401,294,401,1
58,145,128,145,0
45,115,108,115,1
28,89,172,89,0
35,94,208,94,1
49,780,148,780,2
50,207,99,207,1
37,238,185,238,1
41,764,230,764,0
55,383,287,383,1
34,0,163,0,0
33,99,159,99,0
51,-15,212,-15,1
55,0,180,0,1
30,185,11,185,0
27,0,388,0,0
59,319,143,319,1
34,171,191,171,0
44,-11,13,-11,1
42,704,88,704,1
45,0,100,0,1
38,228,105,228,1
42,0,370,0,1
34,2,184,2,1
48,197,47,197,1
34,0,193,0,1
35,118,358,118,1
35,13,94,13,1
57,14,445,14,2
28,769,153,769,0
57,139,80,139,1
34,202,318,202,2
36,6,100,6,1
57,320,76,320,1
34,50,89,50,1
51,370,109,370,2
53,225,304,225,1
29,0,16,0,0
27,54,543,54,0
35,46,338,46,1
40,2,197,2,1
32,55,546,55,1
26,7,188,7,0
36,338,90,338,1
33,490,31,490,0
24,0,299,0,1
27,132,123,132,1
34,0,270,0,1
39,385,225,385,1
38,223,63,223,1
37,0,247,0,1
26,512,206,512,0
25,-80,89,-80,0
34,0,116,0,1
39,179,36,179,1
34,0,132,0,0
30,4,443,4,0
51,0,324,0,1
36,417,15,417,0
37,532,199,532,2
58,407,145,407,1
34,393,11,393,1
26,0,165,0,0
35,195,203,195,1
45,68,254,68,1
35,321,189,321,2
28,8,196,8,1
35,2,239,2,0
26,122,160,122,0
30,0,661,0,0
32,62,166,62,1
57,23,25,23,1
35,0,121,0,1
24,366,234,366,0
54,0,88,0,2
35,35,152,35,0
43,30,379,30,0
60,89,156,89,1
43,104,332,104,1
52,592,122,592,1
40,0,105,0,1
40,33,70,33,1
46,0,264,0,1
31,287,182,287,0
41,0,386,0,2
58,419,295,419,1
36,257,86,257,1
52,118,16,118,1
62,0,78,0,1
31,23,121,23,0
46,519,217,519,1
28,229,322,229,0
26,203,104,203,0
33,39,123,39,2
37,0,640,0,0
28,64,160,64,1
49,0,177,0,2
45,118,208,118,1
29,218,169,218,0
35,20,505,20,1
46,665,89,665,1
25,5,138,5,0
42,401,217,401,2
29,581,192,581,1
50,32,282,32,2
47,310,128,310,1
46,0,161,0,1
26,155,291,155,0
50,769,72,769,2
34,-136,131,-136,1
62,565,123,565,1
34,-73,90,-73,1
31,137,385,137,2
34,96,109,96,1
31,40,123,40,0
47,136,70,136,2
46,593,190,593,0
38,807,74,807,0
32,0,119,0,1
55,540,124,540,1
35,280,65,280,1
56,-59,127,-59,2
42,-7,41,-7,1
41,0,232,0,1
33,191,162,191,1
31,212,191,212,1
48,131,189,131,1
30,175,167,175,0
43,0,73,0,0
44,476,127,476,2
55,23,143,23,1
39,0,81,0,0
36,398,77,398,0
33,745,115,745,1
33,0,53,0,0
67,696,77,696,1
31,25,169,25,1
56,29,52,29,2
44,14,167,14,2
47,14,142,14,1
30,105,75,105,0
37,767,204,767,1
56,0,542,0,2
42,508,70,508,1
34,41,34,41,1
34,184,203,184,0
41,251,85,251,1
38,-17,11,-17,2
23,-19,13,-19,1
36,777,185,777,1
49,377,158,377,1
72,796,173,796,1
43,17,353,17,1
35,0,18,0,1
23,817,123,817,0
40,0,245,0,1
57,0,44,0,1
25,242,62,242,1
38,171,172,171,1
27,259,78,259,0
31,469,111,469,0
42,0,82,0,1
46,477,128,477,1
36,42,102,42,1
30,775,124,775,0
32,9,334,9,1
35,376,207,376,0
38,389,262,389,1
46,134,134,134,2
59,0,214,0,1
33,0,177,0,2
46,295,141,295,0
48,292,164,292,1
31,85,151,85,0
32,4,145,4,1
36,367,217,367,0
34,0,263,0,1
26,-8,402,-8,0
57,0,585,0,1
48,247,145,247,1
58,11,270,11,1
36,725,123,725,1
45,776,232,776,1
41,171,71,171,1
54,812,113,812,1
24,431,108,431,0
32,286,175,286,1
33,181,265,181,1
58,0,506,0,1
30,616,19,616,1
44,313,211,313,1
38,290,283,290,1
46,143,279,143,1
56,212,27,212,2
36,9,386,9,1
51,397,293,397,1
54,158,198,158,1
59,92,139,92,1
32,10,501,10,1
56,575,18,575,1
28,43,190,43,0
36,428,121,428,1
58,0,148,0,1
46,0,239,0,1
32,474,90,474,0
35,560,58,560,1
60,0,130,0,1
52,0,182,0,0
33,212,260,212,1
45,0,264,0,2
31,0,275,0,1
45,0,454,0,1
40,0,57,0,1
46,405,138,405,1
37,403,318,403,1
45,809,155,809,2
57,158,73,158,1
21,137,198,137,0
58,541,98,541,1
33,287,199,287,1
32,273,97,273,1
44,0,389,0,2
41,340,37,340,1
59,0,376,0,1
48,-20,142,-20,1
52,9,44,9,1
47,459,189,459,1
26,461,214,461,0
37,61,182,61,0
57,0,540,0,1
27,7,98,7,1
36,6,246,6,1
42,0,656,0,0
34,133,65,133,1
34,247,193,247,1
59,0,425,0,1
57,46,238,46,1
35,0,477,0,2
42,520,158,520,1
57,10,320,10,1
63,133,104,133,1
54,88,190,88,1
45,0,145,0,1
35,0,171,0,2
37,0,143,0,1
58,602,201,602,1
19,302,205,302,0
41,64,210,64,1
53,112,246,112,2
35,0,42,0,1
37,435,210,435,0
32,782,116,782,1
32,478,200,478,1
30,18,121,18,0
36,141,106,141,1
34,516,26,516,1
37,1,395,1,1
35,634,185,634,1
57,75,118,75,1
29,103,314,103,0
44,134,378,134,1
41,748,94,748,0
43,192,203,192,1
37,267,121,267,0
57,179,230,179,1
38,62,212,62,0
59,235,119,235,1
37,489,205,489,1
33,58,57,58,1
55,557,58,557,1
32,741,238,741,0
46,120,20,120,1
80,462,127,462,1
40,167,380,167,1
31,35,229,35,0
36,0,108,0,0
25,368,168,368,0
36,0,599,0,1
31,385,304,385,0
36,0,101,0,1
27,1,65,1,0
40,771,173,771,1
49,280,162,280,1
59,46,78,46,1
42,308,114,308,0
35,160,141,160,2
29,555,133,555,0
37,48,140,48,0
49,169,82,169,1
51,12,150,12,2
43,481,164,481,1
23,5,413,5,0
26,50,153,50,0
43,92,237,92,2
38,0,82,0,1
31,440,117,440,1
32,0,550,0,0
26,-3,181,-3,2
40,326,112,326,1
42,0,115,0,2
46,123,381,123,1
32,697,119,697,0
37,223,25,223,0
31,202,146,202,2
34,0,191,0,0
39,406,253,406,1
55,96,340,96,1
34,0,154,0,1
58,413,104,413,1
37,655,127,655,1
29,14,87,14,0
24,9,292,9,1
39,260,146,260,1
52,-97,167,-97,2
30,125,238,125,1
27,0,323,0,0
58,73,116,73,1
41,88,105,88,1
38,435,193,435,1
50,717,113,717,2
33,-131,145,-131,2
36,47,36,47,0
34,544,58,544,1
27,118,112,118,0
46,147,116,147,1
36,55,38,55,1
51,0,565,0,1
50,0,179,0,1
31,309,294,309,1
47,33,298,33,0
41,4,74,4,1
36,254,161,254,1
35,252,89,252,0
28,56,66,56,0
34,178,14,178,0
56,359,220,359,1
44,221,149,221,2
34,1,582,1,0
35,128,136,128,1
37,0,217,0,2
29,125,50,125,1
41,140,65,140,1
43,593,55,593,0
38,746,256,746,1
31,589,151,589,1
40,294,97,294,1
33,23,216,23,0
37,7,224,7,1
44,508,222,508,1
48,0,612,0,1
57,93,137,93,1
29,0,104,0,0
36,-11,172,-11,1
49,523,152,523,1
49,-74,114,-74,1
35,0,89,0,1
39,122,158,122,0
34,351,326,351,1
57,35,215,35,1
25,64,71,64,0
37,342,340,342,1
39,26,311,26,2
40,0,147,0,1
34,79,83,79,1
53,65,25,65,1
29,-102,134,-102,1
52,11,420,11,1
32,92,110,92,0
49,443,27,443,1
53,7,68,7,1
43,232,45,232,1
35,81,79,81,0
35,414,11,414,0
31,187,86,187,0
48,0,16,0,1
47,2,71,2,1
23,500,111,500,0
29,43,68,43,1
56,306,212,306,1
52,0,91,0,1
55,168,79,168,1
34,518,206,518,1
55,-31,81,-31,1
34,318,133,318,0
43,64,230,64,1
39,800,76,800,1
39,75,26,75,0
34,347,154,347,0
45,128,275,128,1
60,27,40,27,0
28,224,97,224,0
53,427,360,427,1
46,523,105,523,1
53,71,86,71,1
37,52,359,52,1
37,11,109,11,1
37,0,236,0,1
61,313,42,313,1
34,61,21,61,1
30,0,172,0,2
27,10,527,10,2
37,658,175,658,1
35,0,370,0,0
39,0,63,0,1
36,-37,151,-37,2
28,94,300,94,0
39,585,48,585,1
39,235,217,235,1
28,232,72,232,1
47,187,165,187,1
53,12,345,12,1
57,318,206,318,1
56,334,127,334,1
38,0,29,0,1
52,2,70,2,1
57,195,185,195,1
42,0,64,0,2
57,0,97,0,1
53,451,125,451,1
39,20,109,20,1
36,23,133,23,1
32,357,175,357,1
52,-9,123,-9,1
31,500,19,500,1
34,291,91,291,2
23,589,62,589,0
48,191,238,191,1
31,373,346,373,0
53,37,51,37,1
50,806,141,806,1
39,285,209,285,1
55,481,147,481,2
33,137,88,137,0
36,168,52,168,0
30,0,20,0,1
33,331,178,331,1
32,132,343,132,1
42,529,193,529,1
38,86,218,86,2
46,137,252,137,1
76,86,192,86,2
28,81,158,81,0
46,137,246,137,1
30,25,44,25,0
58,764,219,764,1
33,0,351,0,1
60,0,124,0,1
50,60,151,60,1
41,177,117,177,1
38,648,179,648,1
34,50,106,50,1
34,470,217,470,1
31,0,144,0,1
31,0,298,0,1
25,157,33,157,1
32,53,276,53,0
32,795,131,795,1
53,0,586,0,2
43,34,29,34,0
48,5,65,5,1
27,15,67,15,0
27,390,190,390,0
58,435,122,435,1
39,157,99,157,1
55,284,252,284,1
36,495,213,495,1
38,0,121,0,1
52,428,153,428,1
32,66,244,66,1
58,314,67,314,2
35,24,169,24,1
36,613,86,613,0
45,192,154,192,1
49,321,135,321,1
37,48,133,48,2
35,262,96,262,1
44,576,128,576,1
59,0,207,0,1
60,104,22,104,1
45,295,92,295,1
57,367,107,367,1
30,71,122,71,0
30,127,16,127,0
28,356,76,356,0
59,133,206,133,2
58,590,133,590,1
38,427,17,427,0
53,431,74,431,1
33,0,275,0,2
52,238,101,238,2
28,0,133,0,0
49,362,84,362,1
87,230,144,230,1
33,79,249,79,1
48,290,257,290,0
59,0,87,0,1
32,537,187,537,0
32,112,118,112,0
58,0,101,0,1
46,23,344,23,2
29,228,12,228,1
37,215,61,215,1
58,23,91,23,1
34,293,162,293,1
34,0,339,0,2
49,199,113,199,1
36,340,68,340,1
31,389,69,389,1
49,0,71,0,1
54,384,30,384,1
47,94,9,94,2
51,500,26,500,1
53,25,266,25,1
35,365,168,365,1
25,34,316,34,0
21,6,622,6,0
52,247,268,247,1
31,64,208,64,0
28,14,201,14,0
33,26,342,26,1
50,452,181,452,1
42,382,294,382,0
34,0,172,0,1
33,142,123,142,0
37,103,153,103,1
38,0,260,0,0
49,66,59,66,1
46,361,86,361,2
42,66,139,66,1
36,70,219,70,1
32,180,45,180,1
49,279,168,279,1
46,4,268,4,1
36,465,160,465,1
32,336,139,336,0
32,131,267,131,0
43,348,88,348,1
25,453,134,453,0
57,0,188,0,1
45,72,262,72,1
38,173,150,173,0
30,47,11,47,0
34,326,150,326,1
52,36,109,36,1
52,0,82,0,1
29,1,167,1,1
58,139,188,139,1
29,21,107,21,0
48,178,320,178,1
35,444,244,444,1
26,209,319,209,0
31,0,79,0,1
48,427,201,427,1
53,146,150,146,1
59,319,129,319,2
41,389,127,389,1
50,766,174,766,0
31,0,82,0,1
59,174,204,174,2
30,79,317,79,0
24,110,27,110,1
34,360,46,360,1
33,238,45,238,0
48,750,90,750,1
34,0,214,0,0
40,89,148,89,1
32,0,126,0,0
58,320,171,320,1
25,468,147,468,0
47,440,91,440,1
40,0,332,0,1
39,98,59,98,1
40,642,147,642,1
50,-1,195,-1,1
58,331,82,331,0
28,0,479,0,0
41,0,141,0,1
30,151,82,151,1
27,266,232,266,0
48,0,60,0,1
36,491,103,491,1
54,3,443,3,1
34,0,374,0,2
43,136,363,136,1
32,28,111,28,0
33,335,130,335,0
51,174,308,174,1
39,270,116,270,1
49,198,205,198,2
39,31,61,31,1
54,0,159,0,1
32,347,213,347,0
54,89,140,89,1
31,0,71,0,1
45,0,47,0,1
46,225,201,225,2
50,112,70,112,1
44,0,54,0,2
26,179,103,179,0
48,199,29,199,1
60,231,57,231,1
27,76,236,76,2
28,189,68,189,0
37,310,76,310,1
39,6,122,6,1
52,-110,141,-110,1
47,292,210,292,1
58,35,336,35,1
43,50,63,50,1
36,319,120,319,0
31,424,93,424,0
56,151,128,151,1
35,181,5,181,1
50,78,218,78,1
39,209,36,209,1
55,0,336,0,1
43,328,192,328,2
34,0,141,0,1
51,307,65,307,1
32,0,104,0,1
44,0,71,0,2
36,0,145,0,1
30,149,220,149,0
29,0,83,0,1
47,51,312,51,1
30,447,103,447,0
34,396,101,396,1
50,0,152,0,1
39,293,160,293,1
36,474,59,474,1
36,0,147,0,1
27,88,143,88,0
29,308,75,308,1
55,0,159,0,1
28,389,15,389,0
50,356,198,356,2
45,16,59,16,0
45,248,212,248,1
47,145,157,145,1
60,598,96,598,2
31,614,72,614,0
50,202,107,202,1
34,114,153,114,1
29,182,38,182,1
31,401,96,401,1
35,0,122,0,0
36,629,109,629,1
54,153,74,153,1
32,553,72,553,1
60,78,113,78,1
34,428,59,428,1
39,6,286,6,0
36,0,333,0,0
41,771,106,771,1
57,0,116,0,1
30,2,102,2,0
52,64,20,64,1
32,249,258,249,0
36,0,85,0,0
26,128,355,128,1
37,196,66,196,1
30,35,185,35,0
27,235,13,235,0
42,30,98,30,0
33,92,127,92,0
37,67,45,67,1
39,0,561,0,0
33,349,182,349,0
49,167,198,167,1
46,558,126,558,2
43,497,66,497,2
42,179,96,179,1
80,0,639,0,1
36,117,123,117,2
44,0,96,0,1
31,31,501,31,0
57,179,67,179,2
36,199,183,199,1
43,489,130,489,1
31,355,61,355,1
49,-97,92,-97,0
35,473,37,473,2
34,263,203,263,1
46,781,152,781,1
32,119,20,119,1
35,434,277,434,2
49,588,70,588,0
35,0,105,0,1
32,152,158,152,0
45,473,147,473,1
53,0,77,0,1
42,149,94,149,1
52,424,143,424,1
34,79,104,79,0
43,58,48,58,1
41,532,74,532,1
35,422,73,422,1
41,437,14,437,1
51,30,333,30,1
37,137,244,137,1
26,321,242,321,0
23,250,222,250,0
37,410,337,410,1
39,116,79,116,1
47,0,250,0,1
42,96,238,96,1
58,65,162,65,1
46,0,70,0,1
41,400,99,400,0
33,137,305,137,1
38,311,61,311,0
55,139,256,139,1
47,0,58,0,0
51,492,142,492,1
46,334,36,334,0
47,440,71,440,0
34,47,132,47,1
36,-11,152,-11,2
26,396,302,396,0
35,8,93,8,1
26,170,129,170,0
61,76,195,76,1
46,390,208,390,1
47,0,508,0,1
42,92,86,92,0
42,2,249,2,1
38,0,164,0,0
34,37,45,37,1
28,28,220,28,0
36,134,98,134,1
52,603,79,603,1
46,276,157,276,1
40,263,231,263,0
31,623,96,623,1
33,95,335,95,1
31,191,40,191,1
44,420,110,420,1
35,0,326,0,1
32,4,132,4,1
51,423,95,423,1
31,-120,100,-120,1
36,189,136,189,1
29,19,110,19,0
53,0,140,0,0
36,608,125,608,2
33,385,29,385,2
27,362,332,362,1
51,377,143,377,1
26,802,77,802,0
47,-9,457,-9,1
42,83,184,83,1
50,433,47,433,1
37,-107,158,-107,1
40,51,50,51,1
57,49,93,49,1
35,0,146,0,1
28,0,386,0,0
58,172,145,172,1
30,142,350,142,1
26,294,87,294,0
62,367,139,367,1
57,169,180,169,1
36,506,47,506,1
36,678,85,678,0
37,23,289,23,2
40,61,112,61,1
38,0,213,0,0
56,420,76,420,1
32,76,189,76,1
24,0,94,0,1
36,167,57,167,1
36,80,251,80,1
27,0,46,0,0
38,0,185,0,1
36,12,587,12,0
45,49,65,49,1
48,17,81,17,1
56,-1,89,-1,1
54,0,94,0,1
32,162,297,162,1
35,243,41,243,1
58,0,535,0,1
55,171,73,171,1
48,-19,270,-19,1
51,-55,119,-55,0
27,14,72,14,0
50,246,270,246,0
40,51,164,51,1
34,0,78,0,1
50,52,22,52,1
54,22,23,22,2
34,18,359,18,0
41,52,261,52,2
40,92,92,92,1
48,586,179,586,1
54,208,255,208,1
48,-13,20,-13,1
43,24,68,24,0
43,188,58,188,1
32,61,529,61,1
31,462,147,462,0
49,0,173,0,1
37,0,146,0,2
43,275,69,275,1
44,724,157,724,1
44,27,485,27,1
53,26,56,26,2
36,191,69,191,1
58,-123,131,-123,2
34,179,294,179,0
55,471,58,471,1
34,105,249,105,1
38,70,255,70,2
30,0,209,0,1
37,547,143,547,1
43,0,539,0,1
42,-34,176,-34,1
31,5,101,5,1
37,487,155,487,1
38,0,580,0,2
36,174,223,174,0
42,0,131,0,2
71,353,208,353,1
54,448,98,448,1
53,27,230,27,1
39,282,243,282,2
32,2,16,2,1
34,60,274,60,0
37,47,374,47,1
52,20,172,20,1
31,360,332,360,2
28,100,132,100,1
41,0,89,0,1
34,296,147,296,0
43,109,64,109,0
32,485,98,485,1
33,125,66,125,0
70,616,149,616,1
53,206,87,206,1
31,481,106,481,0
28,12,73,12,1
45,0,574,0,1
51,176,8,176,1
53,53,208,53,1
30,562,137,562,1
53,-118,101,-118,1
47,0,676,0,1
45,180,62,180,1
35,0,295,0,1
42,260,175,260,1
43,297,119,297,1
35,0,125,0,1
26,37,207,37,1
46,410,162,410,1
33,71,107,71,0
34,436,28,436,1
46,25,103,25,2
39,0,108,0,1
33,647,124,647,0
55,236,200,236,1
46,96,151,96,1
43,0,147,0,0
34,250,193,250,1
35,126,112,126,0
25,8,107,8,0
32,189,106,189,1
42,248,163,248,2
50,13,76,13,2
33,358,302,358,0
32,473,72,473,0
29,424,241,424,1
31,430,137,430,1
37,0,129,0,1
29,358,88,358,1
30,227,23,227,1
49,92,221,92,1
42,440,13,440,1
56,800,170,800,1
55,159,159,159,1
43,483,225,483,1
39,0,13,0,0
56,401,26,401,2
29,33,161,33,0
38,506,122,506,1
42,344,26,344,0
46,0,51,0,1
31,3,37,3,1
35,221,150,221,2
50,36,104,36,1
25,220,68,220,0
27,-148,146,-148,0
33,210,201,210,1
50,579,83,579,1
31,271,89,271,1
52,0,145,0,1
32,150,210,150,1
32,133,171,133,0
34,606,97,606,1
49,548,115,548,0
37,33,106,33,2
44,0,97,0,2
40,260,52,260,1
39,626,126,626,1
36,386,359,386,0
45,220,89,220,2
37,395,219,395,1
45,0,211,0,2
62,6,216,6,2
31,582,58,582,1
36,197,260,197,0
30,411,142,411,0
34,584,154,584,1
39,83,69,83,2
32,0,99,0,0
32,0,9,0,0
36,398,278,398,1
32,2,100,2,0
33,201,171,201,0
49,563,84,563,1
31,0,624,0,1
32,48,8,48,0
50,0,118,0,0
57,162,174,162,1
50,148,198,148,0
39,0,503,0,1
45,185,249,185,1
50,199,116,199,1
40,99,15,99,1
35,147,41,147,1
31,-6,94,-6,1
46,435,192,435,2
46,5,305,5,2
37,0,115,0,1
39,722,141,722,1
44,0,264,0,2
40,35,318,35,1
33,752,104,752,1
26,592,174,592,0
37,0,187,0,1
59,0,493,0,1
49,371,18,371,1
33,1,257,1,0
55,298,144,298,1
49,306,285,306,1
27,186,136,186,1
30,20,404,20,0
37,749,219,749,1
27,-1,60,-1,0
32,-32,145,-32,1
22,333,129,333,0
58,-27,77,-27,1
83,0,664,0,2
50,100,157,100,2
37,9,484,9,0
41,293,102,293,1
40,36,240,36,0
37,105,260,105,0
40,440,327,440,1
53,225,171,225,1
33,0,224,0,2
51,40,79,40,1
42,364,52,364,2
34,174,259,174,0
32,0,159,0,1
60,225,54,225,1
29,-20,574,-20,0
39,36,70,36,0
30,400,223,400,1
38,213,270,213,1
33,296,90,296,1
30,42,115,42,1
33,150,151,150,1
28,317,21,317,0
29,92,240,92,2
42,-10,291,-10,1
57,0,197,0,1
43,0,106,0,2
26,609,112,609,0
52,4,30,4,0
39,355,313,355,2
34,436,118,436,1
39,266,102,266,1
30,101,187,101,1
41,0,239,0,0
35,305,7,305,1
57,31,260,31,1
48,5,697,5,1
41,39,549,39,1
51,463,213,463,1
28,131,147,131,1
57,107,85,107,1
49,230,96,230,1
26,256,101,256,0
52,-133,96,-133,1
42,0,118,0,1
48,439,212,439,1
45,44,81,44,1
47,295,157,295,1
37,190,194,190,1
40,-17,474,-17,1
35,175,219,175,0
36,40,359,40,0
52,98,148,98,2
28,330,197,330,0
28,0,198,0,0
46,258,217,258,1
22,246,25,246,0
44,304,129,304,1
37,102,101,102,0
47,164,212,164,2
42,1,59,1,1
36,0,81,0,2
29,200,322,200,1
32,577,101,577,0
43,0,110,0,1
39,163,107,163,0
46,466,169,466,1
31,119,380,119,1
53,238,238,238,1
49,32,128,32,2
31,315,130,315,0
35,0,169,0,0
28,0,205,0,0
30,363,171,363,0
31,38,185,38,0
34,297,63,297,1
33,288,306,288,1
36,566,129,566,2
57,295,151,295,1
